City,Country,Latitude,Longitude,Temperature,Humidity,Cloudiness,Wind
praia da vitoria,pt,40.63,-26.51,62.15,90,100,23.17
berlevag,no,74.66,29.48,19.74,75,100,18.03
rikitea,pf,-23.98,-123.77,74.17,68,98,14.56
ranot,th,8.03,100.8,79.99,82,77,13.91
atuona,pf,-4.08,-121.4,76.55,81,65,15.84
kalianget,id,-6.49,114.86,83.34,76,100,16.42
chokurdakh,ru,81.11,152.4,-17.79,95,33,8.5
albemarle,us,35.05,-80.14,48.97,45,1,10.29
kapaa,us,13.89,-171.71,79.12,72,37,28.21
kapaa,us,37.37,-175.49,55.74,74,32,14.74
mar del plata,ar,-61.0,-39.69,29.98,83,89,8.1
sinjar,iq,35.9,41.01,46.96,85,99,10.29
bud,no,72.03,3.63,39.31,76,100,30.58
maunabo,us,17.18,-65.42,79.34,73,5,11.83
bluff,nz,-84.8,162.28,-7.2,78,0,11.32
butaritari,ki,16.48,172.32,79.45,79,59,17.83
hermanus,za,-61.75,14.09,30.88,85,100,15.46
busselton,au,-54.65,94.31,38.91,90,100,5.93
punta arenas,cl,-50.12,-74.99,50.99,63,99,14.41
saleaula,ws,2.2,-167.6,80.83,79,100,21.72
vaini,to,-31.86,-171.18,69.15,72,76,20.47
vaini,to,-78.0,-175.89,20.8,87,38,2.46
awjilah,ly,24.34,19.36,47.88,60,0,5.68
umzimvubu,za,-45.96,42.22,47.59,84,100,24.0
bambous virieux,mu,-34.43,74.04,60.13,71,51,7.49
kudat,my,6.64,117.27,82.15,78,75,9.17
mar del plata,ar,-68.05,-22.64,29.5,82,94,9.15
vaini,to,-63.84,-170.59,32.68,88,36,9.86
rikitea,pf,-25.54,-108.33,74.73,79,100,25.88
nikolskoye,ru,45.92,179.29,39.6,84,55,3.29
mitsamiouli,km,-8.19,42.88,84.36,64,100,2.19
hermanus,za,-78.68,-2.89,-1.98,88,0,11.07
nizhneyansk,ru,81.12,142.35,-17.59,98,26,9.93
kapaa,us,11.69,-175.95,81.91,79,59,28.5
cidreira,br,-41.45,-39.67,61.39,81,32,25.57
albany,au,-58.68,106.92,34.12,79,100,23.8
hoopstad,za,-28.21,25.71,69.01,55,64,22.82
barentsburg,sj,80.75,3.68,-7.58,100,100,10.33
nikolskoye,ru,42.46,166.28,45.34,88,100,51.09
aranos,na,-24.92,19.06,90.63,14,31,9.1
barentsburg,sj,87.19,8.54,-16.89,100,88,2.44
albany,au,-72.94,114.73,-9.56,99,99,3.85
upernavik,gl,73.69,-52.76,-13.23,79,100,13.29
iqaluit,ca,58.42,-62.48,7.47,87,100,10.94
tura,ru,67.73,97.49,-0.2,96,100,5.97
la ligua,cl,-31.97,-72.61,60.57,76,92,15.3
kapaa,us,15.34,-177.65,80.02,77,11,24.72
hualmay,pe,-20.04,-93.98,69.66,75,100,16.37
kayes,ml,14.73,-10.95,84.09,6,0,7.38
coquimbo,cl,-27.97,-86.45,69.91,81,34,20.67
hobart,au,-89.03,141.41,-15.32,94,66,7.18
rikitea,pf,-16.68,-130.1,79.54,77,52,11.56
sitka,us,47.26,-140.44,44.4,92,100,15.88
arraial do cabo,br,-36.86,-23.81,62.6,74,100,8.97
ribeira grande,pt,33.45,-37.51,67.06,77,38,12.77
mandalgovi,mn,45.4,107.22,9.19,82,0,14.94
kyshtovka,ru,57.69,76.61,10.56,95,100,6.89
hambantota,lk,-2.49,84.91,83.68,72,35,5.7
doctor pedro p. pena,py,-22.82,-62.37,105.35,16,14,5.12
victoria,sc,-10.14,58.61,84.52,76,71,8.05
sao jose da coroa grande,br,-9.79,-32.84,80.33,78,39,11.65
ushuaia,ar,-81.12,-25.64,8.53,90,0,3.8
albany,au,-88.99,118.34,-15.23,92,52,8.41
mildura,au,-33.52,143.63,61.05,69,98,18.14
nanortalik,gl,61.88,-43.76,-8.3,69,100,19.46
tuktoyaktuk,ca,87.39,-128.16,-14.21,96,100,7.36
dakoro,ne,15.33,7.29,64.42,17,0,12.71
barrow,us,78.38,-167.38,-5.62,97,100,10.96
ratnagiri,in,16.34,71.62,78.06,62,42,7.58
taolanaro,mg,-47.09,60.39,45.01,88,69,15.46
flin flon,ca,56.08,-101.13,0.61,89,100,11.63
ushuaia,ar,-72.79,-56.11,31.5,89,100,12.55
ibra,om,18.99,57.46,69.8,88,75,6.93
east london,za,-69.7,52.06,0.43,77,100,10.56
port elizabeth,za,-52.09,28.75,34.81,74,100,24.79
sibu,my,4.29,111.19,80.91,84,100,19.77
wonthaggi,au,-38.33,145.59,52.65,94,100,11.72
thompson,ca,78.09,-97.05,-20.11,96,100,12.37
kodiak,us,48.94,-159.01,39.63,81,100,28.88
punta arenas,cl,-81.66,-118.09,6.69,81,59,9.98
bambous virieux,mu,-32.18,73.93,65.44,72,100,14.9
baruun-urt,mn,45.4,112.29,6.55,91,89,7.87
sistranda,no,68.45,6.61,43.11,79,83,26.22
hobart,au,-52.85,153.09,41.94,79,83,21.36
logan,us,41.66,-111.97,27.63,79,90,3.69
shamkhal,ru,43.4,47.44,39.2,86,40,2.24
chuy,uy,-61.57,-20.02,29.73,75,62,5.79
vaini,to,-73.3,-172.91,29.68,93,91,4.7
norman wells,ca,64.16,-122.84,-25.92,97,93,3.31
cape town,za,-64.46,-8.79,30.34,89,15,18.75
busselton,au,-46.22,100.58,46.38,72,95,23.89
butaritari,ki,3.54,164.66,84.0,79,68,11.74
kruisfontein,za,-82.95,29.54,-3.05,91,57,13.76
quatre cocos,mu,-18.71,66.25,83.12,81,71,7.0
bluff,nz,-72.76,166.87,14.43,77,36,0.67
lompoc,us,24.17,-133.38,68.0,74,100,24.54
esperance,au,-37.84,125.25,62.96,80,91,24.09
buraydah,sa,28.6,43.27,51.3,46,0,5.41
rosarito,mx,31.19,-119.48,58.3,82,15,17.98
kendari,id,-3.9,124.26,82.98,81,100,17.83
luderitz,na,-29.09,13.52,67.86,86,1,12.97
bredasdorp,za,-89.8,23.65,-10.52,92,87,9.1
port alfred,za,-72.96,37.66,-0.04,94,100,14.79
barrow,us,87.65,-146.39,-13.31,97,100,7.27
ushuaia,ar,-82.82,-51.89,6.67,84,0,1.63
victoria,sc,-6.87,56.57,83.16,78,54,11.52
saskylakh,ru,89.83,117.34,-15.36,99,98,5.57
sangar,ru,63.12,128.31,-15.65,97,100,5.59
shebunino,ru,46.17,140.66,26.37,67,0,26.53
tommot,ru,58.12,126.58,4.19,93,100,13.65
jalu,ly,27.03,22.76,55.44,52,0,5.1
tuktoyaktuk,ca,83.16,-122.61,-8.77,95,100,12.24
longyearbyen,sj,87.28,18.29,-13.47,100,91,0.27
kapaa,us,27.58,-166.11,71.85,74,56,9.75
kapaa,us,21.96,-163.92,75.67,82,2,23.8
sungairaya,id,-0.24,107.95,81.25,82,99,17.9
arraial do cabo,br,-29.1,-41.38,73.27,87,25,8.52
cape town,za,-41.25,5.39,54.14,87,93,36.1
pangkalanbuun,id,-2.24,111.09,74.39,97,98,0.89
khonuu,ru,66.2,141.65,-11.24,83,0,4.76
hasaki,jp,31.37,149.68,55.4,63,6,30.85
bethel,us,43.17,-165.0,49.8,85,23,25.17
mujiayingzi,cn,42.56,117.2,15.96,95,100,6.71
muravlenko,ru,64.13,72.72,25.68,94,100,13.71
orcopampa,pe,-15.37,-72.5,40.33,86,99,10.63
mar del plata,ar,-54.49,-37.05,34.48,93,100,8.7
busselton,au,-38.4,94.77,52.41,59,56,4.38
bara,sd,14.13,30.43,63.39,14,6,11.56
chokurdakh,ru,85.43,146.35,-8.37,97,100,10.54
cherskiy,ru,68.95,161.5,-6.32,59,90,0.69
ushuaia,ar,-85.2,-76.2,6.96,83,0,9.24
lewistown,us,47.63,-108.31,34.0,48,24,8.01
albany,au,-74.89,101.52,-15.81,98,100,8.5
ilulissat,gl,73.96,-42.73,-23.6,96,100,12.82
yellowknife,ca,70.26,-106.42,-23.4,96,14,9.73
cartagena del chaira,co,1.09,-73.78,91.49,43,91,6.78
alofi,nu,-18.99,-165.73,80.87,82,100,10.51
saint-pierre,re,-21.92,55.29,75.2,88,71,4.7
kodiak,us,39.84,-149.71,56.61,81,100,30.24
tautira,pf,-14.93,-146.2,81.16,76,98,12.73
punta arenas,cl,-88.65,-109.81,-12.06,97,100,10.31
fare,pf,-15.5,-150.82,81.54,75,70,10.67
labuhan,id,-16.23,96.1,76.75,76,30,17.58
andevoranto,mg,-19.75,52.07,80.58,81,0,16.04
avarua,ck,-38.67,-166.19,64.15,62,97,31.21
wewak,pg,-2.89,144.63,84.04,76,90,14.97
atuona,pf,0.6,-121.18,75.06,85,82,16.78
rikitea,pf,-70.95,-133.81,27.79,81,100,19.64
cape town,za,-86.41,-13.56,-6.65,87,51,13.0
cabo san lucas,mx,7.14,-119.71,80.58,80,0,15.61
hilo,us,8.01,-155.83,80.42,79,90,26.51
atuona,pf,11.16,-132.06,77.95,82,44,22.64
avarua,ck,-36.86,-164.75,64.72,69,98,29.17
yelanskiy,ru,56.82,62.44,23.02,92,0,8.12
sulangan,ph,11.77,129.2,81.3,77,83,22.46
tokur,ru,54.5,133.34,-13.65,81,0,2.06
ponta delgada,pt,29.04,-27.33,68.58,63,21,12.19
thompson,ca,70.61,-88.48,-21.5,94,100,16.98
kavaratti,in,10.12,64.83,79.05,73,4,11.74
tsihombe,mg,-40.12,47.42,66.78,85,0,25.26
ponta do sol,cv,18.92,-30.61,70.7,78,100,15.99
lebu,cl,-35.38,-78.06,63.01,70,100,18.66
busselton,au,-80.27,85.14,-30.96,86,12,6.22
atuona,pf,1.71,-132.72,77.95,84,62,16.46
kodiak,us,43.61,-148.82,52.75,90,100,38.07
tres arroyos,ar,-38.16,-59.97,82.72,44,100,9.8
kolpashevo,ru,57.93,83.12,16.72,94,97,8.19
puerto ayora,ec,-17.69,-107.14,72.82,77,70,17.49
jamestown,sh,-22.36,-11.39,74.25,74,0,14.61
hilo,us,12.37,-149.24,77.72,78,35,22.32
tiksi,ru,78.39,123.76,-24.14,98,22,10.96
mataura,pf,-56.97,-147.28,39.92,97,100,31.18
raudeberg,no,65.96,1.48,45.0,80,84,34.43
vaini,to,-43.27,-170.08,57.83,75,95,27.22
saskylakh,ru,73.45,118.59,-18.47,94,89,16.02
oranjemund,na,-33.37,9.28,63.59,65,51,13.91
ushuaia,ar,-78.44,-58.51,26.1,91,96,12.01
ambanja,mg,-13.94,47.62,82.63,78,100,8.37
amderma,ru,74.13,64.22,10.78,94,100,10.4
bouna,ci,9.55,-2.85,84.33,19,0,3.69
koslan,ru,64.51,49.91,9.14,99,97,5.5
puerto ayora,ec,-11.91,-99.35,71.94,75,58,19.57
labuhan,id,-14.22,98.57,77.72,76,50,14.65
ketchikan,us,54.46,-132.35,32.0,68,75,10.29
ushuaia,ar,-63.36,-45.48,30.4,80,4,6.96
fairbanks,us,68.97,-142.56,-21.55,44,94,1.81
geraldton,au,-30.08,113.74,70.86,80,0,20.0
avarua,ck,-63.67,-163.58,31.55,91,68,13.35
launceston,au,-40.89,150.61,61.38,67,100,7.52
byron bay,au,-27.25,159.88,73.24,70,39,6.62
saldanha,za,-35.25,11.08,62.11,71,9,18.41
kavaratti,in,12.53,63.72,76.37,71,12,11.95
yumen,cn,43.01,97.32,15.57,64,0,4.27
kaitangata,nz,-60.55,177.16,40.41,80,23,20.04
qaanaaq,gl,88.81,-81.87,-14.46,98,99,4.92
qaanaaq,gl,79.92,-90.02,-24.09,100,100,2.98
tsihombe,mg,-34.77,47.04,68.67,86,74,12.35
cabo san lucas,mx,18.77,-114.95,72.46,68,90,13.2
honiara,sb,-10.85,160.14,83.23,81,86,16.64
taolanaro,mg,-47.77,53.0,44.94,99,100,21.9
lovington,us,33.39,-103.2,57.16,30,0,1.01
yining,cn,43.69,81.66,19.36,45,0,9.55
ushuaia,ar,-54.68,-63.16,48.34,82,100,21.74
faanui,pf,-7.62,-152.31,81.07,75,11,12.93
north bend,us,42.79,-130.56,51.8,67,100,18.61
bredasdorp,za,-89.96,24.6,-10.52,92,87,9.1
broken hill,au,-29.17,142.44,73.38,37,31,15.9
labuan,my,7.68,112.71,81.0,83,100,21.03
nouakchott,mr,19.66,-15.11,77.14,9,8,8.63
hermanus,za,-50.52,10.16,38.55,93,78,19.37
saint-philippe,re,-51.25,70.49,38.84,90,99,35.68
illoqqortoormiut,gl,75.0,-27.27,-15.61,100,100,4.79
ushuaia,ar,-81.49,-54.89,16.61,86,0,4.0
dera bugti,pk,29.31,69.53,46.72,84,100,6.38
alta floresta,br,-9.76,-56.46,82.4,83,40,11.41
tuktoyaktuk,ca,70.68,-134.25,-20.4,95,3,3.83
nantucket,us,38.38,-66.04,52.11,77,84,46.17
kieta,pg,-0.26,160.33,84.9,73,45,6.08
mataura,pf,-52.45,-144.93,53.35,95,86,24.2
vestmannaeyjar,is,56.98,-20.58,51.73,83,100,39.93
dikson,ru,88.43,84.34,-11.99,98,98,6.64
bengkulu,id,-12.19,94.21,79.21,78,8,17.49
tambacounda,sn,13.87,-12.9,86.43,6,0,8.66
bredasdorp,za,-67.71,22.33,30.88,86,0,15.9
bluff,nz,-82.82,174.5,14.14,81,0,10.29
vostok,ru,47.15,148.66,22.8,79,100,25.7
dhidhdhoo,mv,7.9,69.36,81.07,74,67,12.68
rikitea,pf,-78.56,-124.82,5.94,85,87,8.32
ponta do sol,cv,23.02,-24.68,69.26,68,100,18.68
bluff,nz,-79.66,159.95,13.82,52,0,7.45
kiruna,se,67.71,21.77,15.8,85,100,4.7
cape town,za,-58.62,-14.84,31.6,75,86,10.87
fort nelson,ca,61.89,-123.55,-20.69,95,91,2.48
bilibino,ru,74.24,166.08,1.76,89,100,12.66
moiyabana,bw,-22.09,26.06,83.95,35,100,5.86
bethel,us,63.01,-162.87,-14.8,83,1,2.3
sao filipe,cv,8.58,-30.22,77.14,80,100,14.92
lolua,tv,-9.97,174.9,84.49,76,17,15.23
rikitea,pf,-67.3,-118.08,29.23,84,100,17.85
porirua,nz,-40.75,174.33,54.59,88,56,42.14
ushuaia,ar,-86.71,-59.0,-3.48,87,19,13.4
east london,za,-60.93,50.63,33.17,83,25,5.37
carballo,es,45.86,-11.27,52.07,76,100,13.8
illoqqortoormiut,gl,80.12,-24.2,-18.53,98,100,2.68
morgan city,us,28.37,-91.34,62.6,48,1,4.7
arenys de mar,es,41.4,2.62,51.01,81,0,3.36
ponta do sol,pt,33.61,-18.81,64.06,70,1,6.4
nara,ml,14.7,-8.18,75.0,10,0,6.6
nieuw nickerie,sr,5.9399999999999995,-56.8,79.05,72,17,11.54
atuona,pf,-11.14,-143.55,81.05,70,100,2.33
kapaa,us,29.95,-178.68,69.1,90,41,20.4
airai,pw,7.97,137.88,82.26,81,100,23.49
tunduru,tz,-11.4,36.5,75.78,84,100,3.62
gat,ly,27.14,10.31,50.4,32,0,9.57
taolanaro,mg,-46.2,60.83,47.3,88,66,16.55
dickinson,us,47.19,-102.99,31.73,80,1,17.22
mar del plata,ar,-62.73,-34.8,30.38,76,27,7.14
saint george,bm,33.94,-57.03,69.66,81,19,40.35
kralendijk,an,12.53,-67.16,80.42,77,1,9.01
ostrogozhsk,ru,50.9,39.21,29.55,94,100,6.04
ushuaia,ar,-72.69,-78.03,29.77,95,98,10.33
ugrinovci,rs,44.8,20.01,32.9,58,0,10.29
kamenka,ru,68.06,42.77,28.54,58,100,25.95
amderma,ru,80.13,64.34,2.52,92,100,21.79
bluff,nz,-54.53,170.0,47.17,80,100,29.86
geraldton,au,-33.87,89.16,59.23,72,100,11.74
rikitea,pf,-40.47,-140.22,62.46,93,0,12.1
grindavik,is,54.07,-25.32,46.47,74,91,55.3
bethel,us,57.67,-161.78,19.76,78,100,10.54
rawson,ar,-45.68,-64.88,60.64,55,76,16.98
bluff,nz,-59.3,164.83,43.3,80,13,9.98
cortez,us,37.22,-108.46,31.44,49,1,8.75
tiksi,ru,80.05,128.93,-21.5,97,10,10.65
puerto ayora,ec,-10.53,-105.71,74.5,78,100,19.55
ushuaia,ar,-58.31,-60.98,40.35,88,0,20.29
bluff,nz,-66.98,162.76,28.27,86,42,8.88
carnarvon,au,-20.65,110.46,74.19,88,34,15.05
bilibino,ru,70.3,164.51,-2.51,80,86,6.67
butaritari,ki,24.09,171.91,74.12,90,8,12.15
masallatah,ly,33.65,14.23,60.91,69,90,25.23
ushuaia,ar,-80.32,-64.04,16.39,85,55,4.12
broken hill,au,-32.41,140.2,54.37,85,100,13.82
rosarito,mx,29.29,-121.34,58.32,76,60,20.11
mataura,pf,-47.05,-146.42,60.03,89,88,29.73
hilo,us,20.12,-138.16,71.51,75,63,24.94
rikitea,pf,-10.32,-114.44,76.59,74,96,18.57
barrow,us,67.75,-157.34,-23.94,87,72,10.33
santa cruz,cr,8.96,-86.61,82.31,71,3,12.71
mahebourg,mu,-38.71,68.67,60.69,92,20,12.97
tawnat,ma,34.15,-4.07,43.61,80,0,5.32
nexo,dk,55.44,15.08,41.0,80,71,14.99
kaitangata,nz,-56.44,176.04,45.64,76,96,22.79
provideniya,ru,66.81,-175.06,-16.31,98,53,7.38
victoria,sc,-3.99,61.58,83.32,75,84,11.12
georgetown,sh,-3.06,-18.64,79.68,75,100,14.58
teknaf,bd,20.24,91.01,72.03,72,7,13.49
pisco,pe,-18.69,-83.01,67.8,77,100,16.44
hermanus,za,-87.24,-8.04,-8.84,89,33,12.64
san patricio,mx,2.5,-117.16,78.67,80,95,6.78
znin,pl,52.8,17.76,30.49,92,0,4.7
mataura,pf,-47.73,-153.54,57.92,83,100,16.17
hasaki,jp,24.22,157.32,76.33,66,14,23.09
puerto ayora,ec,-20.86,-106.05,73.74,75,98,18.25
wanaka,nz,-42.9,168.87,56.61,68,85,39.19
ushuaia,ar,-86.92,-50.77,-4.83,87,49,13.0
severo-kurilsk,ru,31.22,167.33,65.86,87,53,32.57
carnarvon,au,-30.85,90.62,65.71,85,73,21.16
pevek,ru,74.08,166.98,1.92,89,100,12.17
nizhneyansk,ru,86.09,137.64,-13.9,98,100,9.01
telesti,ro,45.04,23.08,31.87,61,7,4.05
barentsburg,sj,78.55,9.78,10.18,78,85,7.81
yellowknife,ca,68.79,-102.88,-29.31,94,0,10.74
hualmay,pe,-13.47,-81.7,70.32,81,6,13.29
ushuaia,ar,-87.13,-28.64,-5.94,87,25,12.03
yellowknife,ca,82.17,-108.92,-19.48,98,100,10.67
dalvik,is,68.59,-18.41,32.94,97,100,16.96
ribeira grande,pt,42.13,-31.39,61.83,93,100,27.09
jamestown,sh,-11.92,-4.95,73.76,75,100,12.5
cherskiy,ru,81.96,156.73,-19.86,97,9,10.09
thinadhoo,mv,-0.49,67.95,82.74,71,90,4.94
lorengau,pg,10.28,150.7,80.47,76,94,17.83
new norfolk,au,-82.91,124.37,-19.62,88,0,11.74
carnarvon,au,-22.11,108.46,71.62,82,81,13.33
nome,us,72.17,-164.9,-2.51,96,96,1.63
bambous virieux,mu,-23.96,67.28,79.16,85,99,8.32
ribeira grande,pt,38.64,-37.82,65.28,90,100,31.74
mitu,co,-0.06000000000000005,-71.0,92.79,33,53,6.62
mataura,pf,-25.0,-151.23,76.71,86,78,12.53
alihe,cn,50.14,123.06,5.61,94,90,1.88
bethel,us,45.63,-167.83,41.31,93,100,25.72
fortuna,us,38.49,-137.37,57.4,73,16,13.85
vaini,to,-68.58,-172.37,29.57,95,100,16.8
hobart,au,-80.78,132.96,-14.51,88,63,11.39
chuy,uy,-53.98,-33.6,34.43,93,69,19.42
lakatoro,vu,-16.72,168.0,80.65,81,63,19.51
puerto ayora,ec,-7.71,-106.37,75.94,74,100,18.28
rikitea,pf,-74.77,-122.48,16.7,75,93,10.51
iqaluit,ca,58.83,-63.76,-17.81,93,2,8.28
port alfred,za,-34.56,28.09,71.94,80,99,5.66
ushuaia,ar,-84.65,-20.35,-4.05,91,88,11.79
yellowknife,ca,79.58,-105.7,-17.23,94,99,13.4
ushuaia,ar,-70.48,-26.81,28.31,78,97,9.84
port elizabeth,za,-81.84,34.45,-5.04,93,100,15.17
busselton,au,-83.1,82.7,-27.67,88,23,10.58
buta,cd,3.44,24.53,77.34,47,89,2.84
ushuaia,ar,-62.19,-68.36,38.46,96,96,16.31
tasiilaq,gl,59.91,-32.79,39.33,65,100,13.31
faanui,pf,-1.2,-159.4,80.78,78,17,16.89
narrabri,au,-29.86,147.23,76.96,53,5,13.06
mataura,pf,-87.18,-161.68,-8.64,82,37,12.73
airai,pw,12.09,143.51,80.47,79,36,19.82
hobart,au,-89.4,147.16,-13.5,95,95,8.1
mahebourg,mu,-44.32,75.9,54.07,91,100,38.52
amapa,br,3.85,-48.78,79.16,76,52,17.16
georgetown,sh,-2.87,-13.88,79.56,75,14,10.71
rikitea,pf,-19.78,-111.25,76.17,75,100,17.94
malartic,ca,48.31,-78.15,9.46,85,90,8.05
mataura,pf,-81.81,-150.47,9.37,86,2,6.06
pecos,us,31.55,-103.75,58.37,28,1,6.93
sentyabrskiy,ru,29.13,162.59,68.11,75,87,27.51
georgetown,sh,-0.17000000000000004,-19.45,79.92,82,19,16.11
guerrero negro,mx,27.25,-114.45,66.9,57,0,6.78
hobart,au,-78.1,148.69,-15.79,82,0,11.7
sisak,hr,45.49,16.41,31.21,37,0,4.7
jamestown,sh,-15.87,-13.28,74.1,77,0,14.29
kawalu,id,-11.4,106.93,80.89,68,29,9.78
punta arenas,cl,-88.13,-115.99,-12.5,95,62,10.85
makokou,ga,1.11,13.0,77.59,62,51,2.51
lompoc,us,25.13,-127.54,63.97,76,100,20.22
rikitea,pf,-68.38,-132.48,29.84,81,97,20.42
touros,br,-2.0,-32.96,81.48,78,76,12.66
avarua,ck,-15.38,-159.18,80.76,81,87,14.0
ushuaia,ar,-77.55,-70.17,28.81,96,100,15.88
ahipara,nz,-29.73,171.91,67.75,72,0,8.1
ushuaia,ar,-73.63,-27.92,28.29,81,0,12.1
barentsburg,sj,89.04,-5.39,-13.92,99,98,3.42
waipawa,nz,-43.37,176.42,52.54,72,100,16.49
big spring,us,32.11,-101.04,59.43,22,1,17.22
kavieng,pg,12.71,151.96,79.86,81,18,17.36
saskylakh,ru,82.0,111.51,-19.01,98,95,10.4
kavieng,pg,-1.29,150.97,84.88,73,93,8.93
avarua,ck,-34.62,-159.69,66.49,68,93,20.22
mataura,pf,-47.55,-159.43,56.37,79,19,21.3
deputatskiy,ru,73.11,140.59,-14.48,93,89,10.45
banda aceh,id,1.51,89.25,82.69,79,36,12.62
balkanabat,tm,41.09,54.54,35.04,54,100,8.84
zhigansk,ru,70.09,119.52,-27.29,98,83,9.04
hithadhoo,mv,-2.14,66.09,82.69,74,100,7.83
tiksi,ru,82.07,127.47,-22.86,96,46,10.69
chany,ru,55.37,77.09,12.96,95,96,9.1
mataura,pf,-46.74,-157.13,58.05,79,17,19.71
lata,sb,-9.86,167.49,84.25,77,32,14.76
saint-philippe,re,-35.19,61.72,64.96,78,0,9.82
knysna,za,-38.68,22.35,63.61,64,100,15.66
kapaa,us,17.8,-170.25,79.21,73,14,23.04
midyat,tr,37.47,41.3,41.61,87,90,2.24
saskylakh,ru,86.73,118.15,-14.58,97,100,6.02
bireun,id,4.67,96.84,62.94,97,72,0.45
hilo,us,6.59,-160.63,81.21,81,100,26.06
benjamin hill,mx,30.32,-111.0,64.99,38,0,5.01
georgetown,sh,-2.2,-21.1,79.65,80,96,16.26
grindavik,is,62.04,-24.43,43.32,65,93,13.38
port alfred,za,-70.67,43.04,13.55,91,100,8.01
rikitea,pf,-60.38,-129.31,34.39,84,100,24.74
araouane,ml,19.01,-1.88,65.07,18,0,7.09
moose factory,ca,50.69,-80.28,8.02,89,82,3.42
hami,cn,42.31,92.1,23.11,49,64,0.81
busselton,au,-88.77,77.33,-15.11,92,51,9.84
george,za,-33.73,22.63,68.0,88,90,6.93
punta arenas,cl,-70.75,-82.47,31.44,87,100,10.51
port macquarie,au,-32.29,156.03,72.54,90,84,23.35
asau,tv,-10.72,175.6,84.16,78,0,17.85
roma,au,-26.58,146.56,73.2,61,0,18.07
caxito,ao,-8.7,13.46,86.0,66,20,10.29
halalo,wf,-15.69,-178.7,81.81,82,3,14.34
castro,cl,-45.92,-102.04,52.43,87,1,21.77
murray bridge,au,-35.25,140.52,58.33,62,100,7.54
lazaro cardenas,mx,2.5,-110.22,77.74,86,80,10.4
cabo san lucas,mx,19.98,-110.8,74.12,67,100,12.35
akdepe,tm,42.17,59.24,25.65,73,90,4.7
cayenne,gf,14.39,-40.5,75.13,76,44,13.82
ahipara,nz,-34.55,162.81,67.68,82,89,20.47
tuktoyaktuk,ca,86.06,-142.12,-13.0,95,100,11.48
opuwo,na,-19.04,12.57,66.63,84,86,7.34
tura,ru,67.81,98.05,-6.2,98,100,7.9
upernavik,gl,88.34,-41.87,-12.01,98,97,3.29
tuktoyaktuk,ca,74.38,-133.39,-16.65,97,33,8.46
fort saint john,ca,56.61,-121.19,6.8,84,40,12.75
atuona,pf,-13.4,-139.44,80.96,67,75,5.59
kapaa,us,35.39,-169.96,59.04,83,100,12.68
louisbourg,ca,41.59,-57.9,58.48,89,100,25.77
mar del plata,ar,-60.4,-36.46,29.75,80,54,12.66
ancud,cl,-41.35,-78.25,57.92,70,60,20.85
hilo,us,16.92,-152.89,75.4,78,22,25.08
mossendjo,cg,-3.06,12.61,73.99,91,100,2.19
upernavik,gl,76.75,-55.82,-21.08,81,52,14.58
mataura,pf,-84.06,-167.12,15.12,83,33,1.95
punta arenas,cl,-68.71,-111.47,28.24,76,100,12.82
san patricio,mx,0.25,-114.49,76.53,84,69,16.67
ushuaia,ar,-56.91,-53.53,38.61,88,84,5.79
punta arenas,cl,-72.94,-101.99,28.81,81,95,2.24
flinders,au,-30.95,134.79,59.22,84,85,9.28
taolanaro,mg,-64.43,63.54,31.48,98,94,9.06
punta arenas,cl,-59.19,-111.06,41.88,86,100,38.83
luena,ao,-10.74,19.64,66.45,94,96,1.45
rwamagana,rw,-1.84,30.82,65.14,87,94,0.76
busselton,au,-53.26,100.76,39.81,79,100,21.23
lavrentiya,ru,76.36,-167.65,-9.58,95,1,7.23
constantine,dz,35.82,5.9,45.43,75,75,9.17
hobart,au,-84.12,135.03,-15.86,87,9,11.74
kosai,jp,34.4,137.47,38.43,58,0,3.0
concordia,mx,25.86,-103.24,53.6,50,5,3.24
east london,za,-54.42,45.26,39.29,97,100,33.42
dikson,ru,86.44,75.19,-11.15,98,100,7.52
new norfolk,au,-87.63,127.01,-17.25,91,0,7.83
carnarvon,au,-24.85,107.65,70.03,82,94,21.45
taolanaro,mg,-63.2,60.53,30.87,92,45,13.38
poum,nc,-16.33,158.64,80.78,76,79,18.05
vaini,to,-55.52,-170.97,46.87,95,97,17.63
jardim,br,1.96,-34.83,81.32,78,99,10.27
vaini,to,-32.24,-173.32,67.96,76,59,19.39
dukat,ru,60.75,154.74,3.29,45,0,6.71
kapaa,us,30.09,-165.99,69.01,81,25,11.95
guerrero negro,mx,19.08,-124.55,68.83,73,86,17.76
port elizabeth,za,-87.9,38.75,-12.73,90,43,10.58
russell,nz,-27.3,179.06,70.61,68,76,6.96
bethel,us,44.74,-168.71,43.65,91,99,13.8
karaton,kz,45.11,53.61,29.97,65,100,5.82
suarez,co,3.25,-77.24,70.05,95,96,3.67
general roca,ar,-37.11,-66.58,86.13,9,100,24.29
arraial do cabo,br,-28.33,-38.15,75.79,84,69,5.01
zhigansk,ru,69.45,124.67,-16.06,93,96,11.99
nikolskoye,ru,37.78,172.2,57.43,84,100,43.51
leh,in,34.13,79.29,-22.04,58,20,3.31
banes,cu,21.77,-75.47,78.73,71,17,9.71
atuona,pf,-2.61,-142.18,79.63,76,47,12.17
shimoda,jp,31.59,140.29,55.18,54,95,5.48
rikitea,pf,-50.62,-130.97,51.28,94,100,9.37
hithadhoo,mv,-12.2,68.5,83.62,77,100,10.67
geresk,af,31.97,63.61,50.2,88,100,14.14
mys shmidta,ru,83.69,-172.22,-19.86,97,25,12.37
ciudad bolivar,ve,8.63,-63.69,90.23,36,7,7.92
sarh,td,9.39,17.95,82.4,37,0,3.62
albany,au,-84.42,94.4,-23.31,86,0,10.54
mataura,pf,-64.98,-157.53,30.33,86,0,3.58
gorin,ru,50.98,136.71,-8.36,88,5,0.92
rikitea,pf,-51.75,-137.89,51.48,96,88,17.47
busselton,au,-62.91,81.9,34.41,97,100,15.73
luderitz,na,-28.94,5.99,70.47,86,83,10.58
souillac,mu,-34.27,63.11,64.26,82,0,11.56
taolanaro,mg,-59.64,63.56,33.53,97,100,1.28
key west,us,24.56,-82.67,64.98,53,13,22.03
butaritari,ki,21.55,168.97,76.3,81,3,9.73
cururupu,br,1.01,-43.6,80.6,82,80,13.09
butaritari,ki,9.66,166.36,82.35,82,99,23.24
tasiilaq,gl,78.9,-37.14,-22.32,99,100,6.15
kapaa,us,23.91,-175.29,75.49,83,13,20.92
rikitea,pf,-84.63,-131.94,9.66,85,29,7.67
korla,cn,38.39,88.28,11.3,24,65,5.77
altay,cn,48.55,88.33,-10.62,87,0,0.34
